{
  "type": "entity",
  "pools": [
    {
      "rolls": 1,
      "entries": [
        {
          "type": "empty",
          "weight": 1
        },
        {
          "type": "empty",
          "weight": 1
        },
        {
          "type": "empty",
          "weight": 1
        },
        {
          "type": "item",
          "weight": 1,
          "name": "minecraft:nether_star",
          "functions": [
            {
              "function": "set_count",
              "count": 1
            },
            {
              "function": "set_nbt",
              "tag": "{display:{Name:'{\"text\":\"Nucleo Del CHAOS\",\"color\":\"aqua\",\"bold\":true}',Lore:['{\"text\":\"Imbuido en las forjas del CHAOS\"}']}}"
            }
          ]
        }
      ]
    }
  ]
}